department_id,units,reorders,n_orders,n_customers,n_products,reorder_rate,units_share,basket_penetration,department,is_placeholder
4,9888378,6432596,2506247,194331,1679,0.650520843762243,0.2923902837644496,0.7490092146548666,produce,False
16,5631067,3773723,2264738,191861,3441,0.6701612678378716,0.1665054954439067,0.6768325830530803,dairy eggs,False
19,3006412,1727075,1448749,177070,6250,0.5744638459399444,0.0888968502005937,0.4329686382555364,snacks,False
7,2804175,1832952,1518833,175482,4353,0.6536510738452486,0.0829168872766772,0.4539137253917491,beverages,False
1,2336858,1268058,1232089,166124,3998,0.5426337415452714,0.0690987514572384,0.3682183018173787,frozen,False
13,1956819,679799,1165491,175882,5359,0.3474000405760574,0.0578613461869749,0.3483150298423559,pantry,False
3,1225181,769880,917980,143772,1516,0.6283806229446914,0.0362274804070811,0.2743446591133573,bakery,False
15,1114857,511317,710721,136937,2066,0.4586390900357624,0.0329653007385825,0.2124038764131075,canned goods,False
20,1095540,666231,802581,137143,1322,0.6081302371433266,0.0323941147350258,0.2398568714523818,deli,False
9,905340,418466,623738,127985,1856,0.4622197185587735,0.0267700748801579,0.1864084064860315,dry goods pasta,False
17,774652,312447,492427,114823,3080,0.4033385313663425,0.0229057503767249,0.1471652077966984,household,False
12,739238,420349,599017,116851,906,0.5686247189673691,0.0218585908214132,0.1790203650058889,meat seafood,False
14,739069,414877,547067,117338,1114,0.5613508346311373,0.0218535936461478,0.1634947489347993,breakfast,False
11,468693,150855,333463,97155,6550,0.3218631385576486,0.0138588228795876,0.0996577191898706,personal care,False
18,438743,253453,184074,34782,1079,0.5776798718156188,0.0129732288014946,0.0550117854219396,babies,False
6,281155,103938,231253,79357,1137,0.3696822037666056,0.0083134959274204,0.0691115552124678,international,False
5,159294,90992,87794,16104,1054,0.5712205105025927,0.0047101777320784,0.0262378428747882,alcohol,False
8,102221,61594,62011,15484,971,0.6025572044883145,0.0030225813775207,0.0185324153644724,pets,False
21,77396,30519,66410,30950,1258,0.3943227040157114,0.0022885288570312,0.0198470868774026,missing,True
2,38086,15503,36781,18750,546,0.4070524602216037,0.0011261681488564,0.0109922557210923,other,False
10,35932,20736,35125,12973,38,0.5770900590003339,0.0010624763410363,0.0104973486909918,bulk,False
