days_since_prior_order,orders,avg_basket,items,reorders,reorder_rate,order_share
0.0,66562,6.997115471289925,465742.0,345527.0,0.7418849921201008,0.0211989398300696
1.0,143727,6.68198042121522,960381.0,593109.0,0.6175767742177324,0.0457747667581565
2.0,191219,7.804553940769484,1492379.0,962531.0,0.6449641813507159,0.0609002144672047
3.0,214681,8.917561405061463,1914431.0,1279447.0,0.6683171135444422,0.0683724888323544
4.0,219094,9.704907482633024,2126287.0,1440597.0,0.6775176634198488,0.0697779592429505
5.0,211716,10.299349128077235,2180537.0,1469634.0,0.6739780155071893,0.0674281834239208
6.0,236452,10.96238137127197,2592077.0,1755068.0,0.6770894537469373,0.0753062065547853
7.0,315335,11.373000142705378,3586305.0,2488689.0,0.6939423724418308,0.1004291891967639
8.0,178630,11.17189721771259,1995636.0,1338157.0,0.6705416218188086,0.0568908179118015
9.0,116052,10.87773584255334,1262383.0,822119.0,0.6512437192199197,0.0369607188059138
10.0,93417,10.74072171018123,1003366.0,646179.0,0.6440112581052179,0.0297518308059495
11.0,79321,10.771308985010275,854391.0,539862.0,0.6318676109650031,0.0252624786854504
12.0,74371,10.867945839103951,808260.0,506608.0,0.6267884096701556,0.0236859823037484
13.0,81217,10.970104781018753,890959.0,554029.0,0.6218344502945702,0.0258663245722599
14.0,97580,11.09136093461775,1082295.0,681029.0,0.6292452612272994,0.0310776801871667
15.0,64858,10.875466403527708,705361.0,435245.0,0.6170528282680783,0.0206562428938231
16.0,45634,10.64609720822194,485824.0,292448.0,0.6019628507443024,0.0145337042187043
17.0,38156,10.571522172135444,403367.0,240974.0,0.5974063321987173,0.012152079987923
18.0,34878,10.638253340214462,371041.0,217582.0,0.586409588158721,0.0111080890507071
19.0,33267,10.69537379384976,355803.0,208128.0,0.5849529093346599,0.0105950111373895
20.0,37315,10.827736835052928,404037.0,235936.0,0.5839465197494289,0.0118842348450925
21.0,43883,10.795296584098626,473730.0,277581.0,0.5859476917231334,0.0139760385289346
22.0,30957,10.646218948864554,329575.0,191296.0,0.5804323750284457,0.0098593128259286
23.0,23103,10.457732761978964,241605.0,136338.0,0.5643012354876762,0.0073579385669616
24.0,20008,10.372700919632146,207537.0,115869.0,0.5583052660489455,0.0063722302232509
25.0,18564,10.484701572936869,194638.0,107603.0,0.5528365478477995,0.0059123391575585
26.0,18338,10.38548369505944,190449.0,103595.0,0.5439513990622161,0.005840361747
27.0,21134,10.396091605943033,219711.0,120696.0,0.5493398145746002,0.0067308433395734
28.0,25731,10.670863938440014,274572.0,151881.0,0.5531554564922861,0.0081949148277924
29.0,18418,10.372298838093169,191037.0,104439.0,0.5466951428257353,0.0058658404764012
30.0,346256,10.042633196247865,3477322.0,1593164.0,0.4581583183840898,0.110277036594462
