aisle_id,units,reorders,n_orders,n_customers,n_products,reorder_rate,units_share,basket_penetration,aisle,is_placeholder
24,3792661,2726251,1862949,179301,379,0.7188227474061089,0.11214551324922664,0.5567551671611254,fresh fruits,False
83,3568630,2123540,1486803,161382,568,0.5950574870468499,0.10552112169966882,0.4443413388131735,fresh vegetables,False
123,1843806,1178700,1229500,162563,614,0.639275498615364,0.05451965525049657,0.3674445612974932,packaged vegetables fruits,False
120,1507583,1034957,880330,127168,1026,0.68650084273967,0.0445778489827614,0.26309269674422303,yogurt,False
21,1021462,598280,769098,136231,889,0.585709502654039,0.030203696100068404,0.22985024579485924,packaged cheese,False
84,923659,722128,815345,111861,242,0.7818123355047696,0.027311750937473036,0.24367148095250477,milk,False
115,878150,640988,641024,102711,342,0.7299299664066503,0.025966091475037808,0.1915744468980596,water seltzer sparkling water,False
107,753739,444036,561234,115200,985,0.5891110848715537,0.02228737211444915,0.16772865466875747,chips pretzels,False
91,664493,460069,568087,99031,292,0.692360942854176,0.019648449607154016,0.16977672101977148,soy lactosefree,False
112,608469,408010,548617,106520,557,0.670551827619813,0.01799187122214289,0.163957977133263,bread,False
31,599109,397213,447010,87982,670,0.6630062309195822,0.01771510459206107,0.13359202386790764,refrigerated,False
116,545107,295616,412577,102792,361,0.5423082073794686,0.016118314895727875,0.12330148415326218,frozen produce,False
37,521101,256194,368635,92406,1088,0.491639816465522,0.015408479455370582,0.11016911415526752,ice cream ice,False
78,478430,272645,384247,92840,746,0.569874380787158,0.014146737054492216,0.11483486811295476,crackers,False
3,473835,283351,289208,65678,831,0.5979950826764591,0.01401086711162619,0.08643180698147655,energy granola bars,False
86,472009,333408,459758,95083,125,0.7063594126383184,0.013956873963492707,0.13740185165759486,eggs,False
96,412087,249963,348399,80585,373,0.6065782225597993,0.012185035287449644,0.10412144588164729,lunch meat,False
38,408520,228222,248483,60563,876,0.5586556349750318,0.012079562363357565,0.07426085963797073,frozen meals,False
92,395654,233042,153532,26603,718,0.5890045342647869,0.011699126523332699,0.045884097913889164,baby food formula,False
16,393793,203786,313074,79203,86,0.5174952322666985,0.011644098457244848,0.09356432581020853,fresh herbs,False
121,393787,225338,310156,79556,454,0.572233212371155,0.011643921042738386,0.09269226136948784,cereal,False
77,373816,238981,290821,65580,463,0.6393011535086781,0.011053396857977262,0.08691386316478103,soft drinks,False
67,370827,225574,328344,84086,327,0.6082998271431153,0.010965014864674424,0.09812787070733153,fresh dips tapenades,False
69,361573,152715,279278,88085,735,0.42236284235825133,0.010691382557540107,0.08346415794228655,soup broth bouillon,False
98,348283,206348,300253,78226,790,0.5924722136882937,0.01029840942572521,0.08973268146665818,juice nectars,False
17,339780,103784,256695,89044,623,0.3054446995114486,0.010046983500983143,0.07671507251912162,baking ingredients,False
53,330358,226356,306461,67562,160,0.6851839519551517,0.00976838358766787,0.09158798511573084,cream,False
108,320827,181540,289739,80054,190,0.5658501310675224,0.009486560644151858,0.08659049999656314,other creams cheeses,False
117,319019,165685,269827,78931,579,0.519357781197985,0.009433099739537763,0.08063966135926694,nuts seeds dried fruit,False
106,318468,177380,281607,76130,386,0.5569790371403093,0.009416807174027604,0.08416019566759103,hot dogs bacon sausage,False
45,312020,178783,232185,59444,1244,0.5729857060444843,0.009226145717749015,0.06939008984535051,candy chocolate,False
81,309716,130861,246655,79025,482,0.4225193402988544,0.009158018547267334,0.0737145492206858,canned jarred vegetables,False
88,301502,147115,260651,85007,492,0.48794037850495187,0.008915138087919888,0.07789735042436186,spreads,False
32,289488,200319,209184,47249,32,0.6919768695075443,0.008559895107812725,0.0625160822370515,packaged produce,False
59,282088,142744,233552,71713,337,0.5060264881880832,0.008341083883175386,0.06979862723070528,canned meals beans,False
131,277935,126283,236639,75470,456,0.4543616313166748,0.008218283475618782,0.07072119848790362,dry pasta,False
36,264892,152865,250185,80642,148,0.577084245654833,0.007832613907653265,0.07476951408557408,butter,False
93,260621,169743,229766,57322,226,0.6513020823341173,0.007706324348136228,0.06866715499884492,breakfast bakery,False
94,258717,136504,188972,55044,892,0.527618981358009,0.007650024811418729,0.0564755865290849,tea,False
19,256086,90055,227018,88756,371,0.3516592082347336,0.007572228550334832,0.06784589623150412,oils vinegars,False
54,255690,135265,211942,62526,321,0.5290195158199382,0.0075605191929082926,0.06334032957341465,paper goods,False
61,244045,134064,197843,56154,873,0.5493413100043025,0.007216187204948587,0.05912674610880842,cookies cakes,False
52,242492,152086,206070,51049,296,0.6271794533427907,0.007170266416859156,0.06158544184349282,frozen breakfast,False
72,231792,71833,200257,83029,466,0.30990284392903983,0.006853877213667327,0.05984818667080285,condiments,False
9,228123,109559,208100,70963,398,0.4802628406605209,0.006745388242965382,0.06219212135502915,pasta sauce,False
104,221371,33855,174771,79264,796,0.15293331104796926,0.006545737785026015,0.05223151966045074,spices seasonings,False
26,215467,133477,186688,48279,680,0.6194776926397082,0.00637116191066671,0.05579299736438098,coffee,False
4,210604,103244,173421,55883,543,0.4902281058289491,0.006227367453178686,0.05182806284243397,instant foods,False
129,203452,107122,173791,52177,384,0.5265222263728053,0.006015889361475138,0.05193863989626079,frozen appetizers sides,False
128,201650,111226,188619,59385,241,0.5515794693776345,0.005962605871367504,0.05637009004259608,tortillas flat bread,False
50,182498,108180,154149,43377,356,0.5927736194369253,0.0053962987667385415,0.04606849262256794,fruit vegetable snacks,False
66,173614,60986,144268,57690,605,0.3512735148087136,0.005133607020836092,0.04311548757158744,asian foods,False
23,170441,100923,152309,46523,314,0.5921286544904102,0.00503978431600173,0.0455185959224562,popcorn jerky,False
79,169879,98878,144871,41355,335,0.5820495764632474,0.005023166490563056,0.04329569828363492,frozen pizza,False
130,164516,82215,151094,56038,303,0.49973862724598217,0.004864587490869806,0.04515548478624111,hot cereal pancake mixes,False
63,150323,59984,136565,55807,336,0.3990340799478456,0.00444491347583227,0.04081339285367398,grains rice dried goods,False
35,134722,82690,129261,39320,82,0.6137824557236383,0.00398360618994482,0.03863054203975215,poultry counter,False
14,134597,82033,110217,27866,159,0.6094712363574225,0.003979910054393514,0.03293911119359562,tofu meat alternatives,False
114,124371,36054,92705,41728,654,0.28989073015413563,0.0036775365972122383,0.027705529121662555,cleaning products,False
49,124045,74524,120071,39606,99,0.6007819742835261,0.0036678970756944314,0.035884047108215786,packaged poultry,False
43,118069,62738,109124,37918,195,0.5313672513530224,0.0034911922272575745,0.03261246059945315,buns rolls,False
110,117521,52730,106785,42657,401,0.44868576679912525,0.0034749883690006473,0.031913434305126324,pickled goods olives,False
51,113879,53525,106945,44278,264,0.47001642093801316,0.0033672977635777835,0.031961251409483867,preserved dips spreads,False
105,110847,43653,93460,38074,461,0.3938130937237814,0.0032776442996452953,0.027931166082849707,doughs gelatins bake mixes,False
64,108357,70375,81141,20578,293,0.6494734996354643,0.0032040172794632715,0.024249547904221146,energy sports drinks,False
57,105762,63316,93634,29068,184,0.5986649269113671,0.0031272855054181505,0.027983167183838534,granola,False
42,104096,56680,81996,24299,189,0.5444973870273594,0.0030780234107903384,0.024505070555631763,frozen vegan vegetarian,False
89,104050,35594,91002,42398,559,0.3420855358000961,0.0030766632329074575,0.027196575817156957,salad dressing toppings,False
13,103165,63995,91399,26563,317,0.6203169679639413,0.0030504945932042084,0.027315222007344108,prepared meals,False
75,98990,40337,83874,36086,505,0.4074856046065259,0.002927043665790574,0.025066323818028424,laundry,False
74,98797,38904,91611,42138,203,0.3937771389819529,0.002921336832499357,0.027378579670617853,dish detergents,False
99,91193,51339,81327,27188,239,0.5629708420602458,0.0026964935146422853,0.024305135288036787,canned fruit applesauce,False
2,86364,42297,80763,32589,271,0.4897526747255801,0.002553704406024216,0.02413657999517645,specialty cheeses,False
30,78495,31286,71147,32303,256,0.39857315752595707,0.0023210252807983746,0.021262772023288124,latino foods,False
100,77396,30519,66410,30950,1258,0.3943227040157114,0.0022885288570312886,0.019847086877402623,missing,True
34,75083,39837,71479,27192,229,0.5305728327317768,0.0022201355647899147,0.021361992514830026,frozen meat seafood,False
48,75004,44008,61820,19506,173,0.5867420404245107,0.0022177996071214893,0.018475333696145613,breakfast bars pastries,False
1,74864,44666,65726,21519,146,0.5966285531096388,0.0022136599353040263,0.01964266875627413,prepared soups salads,False
122,74046,39533,72109,26346,105,0.5338978472841207,0.002189472424256277,0.021550272363237852,meat counter,False
95,70287,33658,64203,26463,273,0.4788652240101299,0.0020783222359573904,0.019187509694170768,canned meat seafood,False
29,69790,25099,67442,35428,229,0.3596360510101734,0.0020636264010053963,0.020155507200508772,honeys syrups nectars,False
85,68852,17585,58435,33370,206,0.2554028931621449,0.002035890599828393,0.017463703082081346,food storage,False
25,66832,21397,57206,27563,524,0.3201610007182188,0.0019761610493192814,0.017096407949234973,soap,False
20,66819,21600,58371,29130,565,0.32326134782023075,0.0019757766512219456,0.01744457624033833,oral hygiene,False
41,66306,41259,36303,8134,498,0.622251379965614,0.0019606077109193838,0.010849402121824234,cat food care,False
5,65415,18402,61101,33692,407,0.28131162577390506,0.0019342616567096717,0.018260455583438903,marinades meat preparation,False
27,50496,28627,30877,8278,385,0.5669161913814955,0.0014931204863901488,0.009227804570299062,beers coolers,False
47,47028,14681,41769,21216,1032,0.31217572509994046,0.0013905749016547037,0.012482953949438791,vitamins supplements,False
111,45307,19968,37380,16231,198,0.44072659853885715,0.001339686507384317,0.011171271005530945,plates bowls cups flatware,False
127,42905,14176,37393,17960,504,0.33040438177368603,0.001268661566630413,0.011175156145259995,body lotions soap,False
58,41740,22543,40676,16443,81,0.5400814566363201,0.0012342135832922373,0.012156303355296327,frozen breads doughs,False
71,39420,21823,33389,12057,98,0.5536022323693557,0.0011656133074599902,0.009978533108712486,refrigerated pudding desserts,False
12,38355,19396,35648,14746,123,0.5056967800808239,0.0011341222325628596,0.010653650850860544,fresh pasta,False
65,38211,19332,34093,13610,325,0.5059276124676141,0.0011298642844077547,0.010188928367885675,protein meal replacements,False
6,38086,15503,36781,18750,546,0.40705246022160374,0.001126168148856448,0.010992255721092394,other,True
125,37053,23005,35593,12184,69,0.6208674061479502,0.0010956232846604519,0.010637213721237639,trail mix snack mix,False
28,36424,20034,26212,7258,232,0.5500219635405227,0.0010770243305662781,0.007833637121374455,red wines,False
8,36372,18163,34313,14222,297,0.49936764544154844,0.0010754867381769346,0.010254676886377295,bakery desserts,False
40,35915,20335,27142,8278,473,0.5661979674230823,0.0010619736666013584,0.008111574040452672,dog food care,False
7,35391,19212,34897,14695,100,0.5428498770873951,0.001046479466370282,0.010429209317282327,packaged meat,False
60,33702,11357,32189,18565,112,0.33698296836982966,0.0009965372828010296,0.009619904826030914,trash bags liners,False
22,33482,8262,26557,15408,815,0.24675945284033213,0.0009900320842307303,0.007936742752645406,hair care,False
62,31646,19998,26174,6514,147,0.6319282057764014,0.0009357432452531419,0.007822280559089538,white wines,False
39,30726,15895,30422,13012,54,0.5173143266289136,0.0009085396875955266,0.0090918246797823,seafood counter,False
124,29069,16652,23705,5837,195,0.5728439230795693,0.0008595437147274088,0.007084402867472205,spirits,False
70,28078,12520,26332,12095,335,0.4459007051784315,0.0008302407520766516,0.007869499949642611,digestion,False
11,27407,6450,22121,13317,427,0.2353413361549969,0.0008103998964372387,0.006611013534332531,cold flu allergy,False
56,25714,13116,23054,8402,186,0.510072334137046,0.0007603394365303447,0.006889847024117453,diapers wipes,False
97,24786,4154,21661,15499,290,0.16759460986040506,0.0007328993261974459,0.006473539359304596,baking supplies decor,False
46,23626,13263,19178,6949,168,0.5613730635740286,0.0006985991882813224,0.005731477671055978,mint gum,False
90,22276,9066,19119,9887,223,0.4069850960675166,0.0006586809243272131,0.005713845113824134,cocoa drink mixes,False
15,21840,11115,21461,9410,80,0.5089285714285714,0.0006457888035242564,0.006413767978857668,packaged seafood,False
101,20918,6500,17314,9539,355,0.3107371641648341,0.0006185261076978203,0.005174408405290604,air fresheners candles,False
126,20801,6687,17523,9642,284,0.3214749290899476,0.0006150665248217975,0.005236869497857644,feminine care,False
119,20241,8553,19660,10173,112,0.42255817400326073,0.0005985078375519448,0.005875526697933076,frozen dessert,False
133,19580,6723,18635,10844,171,0.3433605720122574,0.0005789626727566365,0.005569198373142567,muscles joints pain relief,False
87,18405,4603,17149,11130,308,0.25009508285791904,0.0005442189985743562,0.005125097016421888,more household,False
18,18093,11214,17963,6536,12,0.6197977118222517,0.0005349934442382953,0.005368366534840887,bulk dried fruits vegetables,False
68,17839,9522,17437,7212,26,0.533774314703739,0.0005274828967980407,0.005211167804265465,bulk grains rice dried goods,False
76,16620,6715,13825,6897,108,0.40403128760529483,0.0004914381829017006,0.004131696673393936,indian foods,False
80,15673,3743,14706,9836,317,0.2388183500287118,0.0004634362599650032,0.004394989604262656,deodorants,False
73,12915,4113,11792,6632,277,0.3184668989547038,0.00038188472516097855,0.003524120591150907,facial care,False
33,12426,4951,11147,5651,168,0.39843875744406887,0.00036742544288426783,0.0033313578892095624,kosher foods,False
103,11706,3140,10599,6977,85,0.268238510165727,0.0003461357021087429,0.0031675843067849783,ice cream toppings,False
134,11659,5681,10291,3898,95,0.48726305858135344,0.0003447459551414517,0.003075536380896708,specialty wines champagnes,False
118,11411,2235,10065,7045,240,0.19586364034703357,0.0003374128222076598,0.003007994720991679,first aid,False
55,10876,2864,10023,6358,198,0.2633321073924237,0.00032159336204806835,0.002995442731097824,shave needs,False
109,10698,2598,9663,6001,245,0.2428491306786315,0.000316330065023008,0.0028878542462933525,skin care,False
10,9620,1874,9199,6794,218,0.1948024948024948,0.0002844545920285415,0.0027491846436564784,kitchen supplies,False
44,9522,2100,9136,6487,113,0.2205419029615627,0.00028155682175631726,0.0027303566588156958,eye ear care,False
102,8909,2626,8257,5057,131,0.29475810977663036,0.00026343097301271065,0.002467661441751445,baby bath body care,False
82,8466,4669,8380,3560,44,0.5515001181195369,0.0002503318686188807,0.002504420840726306,baby accessories,False
132,6455,1374,6111,4419,178,0.21285824941905498,0.00019086843986946314,0.0018263145295559016,beauty,False
113,5147,2327,4488,2251,47,0.4521080240917039,0.00015219207746059284,0.0013412697772290764,frozen juice,False
