step,action,reason,impact
categories,Flagged department 'missing' (21) and aisles 'missing' (100) / 'other' (6) as placeholders instead of deleting them.,"They are unknown-category buckets, not real shelves. Dropping them would silently delete real transactions; keeping them unflagged would let an 'unknown' bucket win a 'top category' ranking.",1 department + 2 aisle rows flagged; 0 rows removed.
products.product_name,Trimmed/collapsed whitespace in product names (4 rows had stray whitespace).,Whitespace variants create false distinct products when names are grouped or matched.,4 names normalised; 0 rows removed.
products.product_uid,"Created product_uid: product_ids that share an identical name *within the same aisle* now map to one analytical product (111 groups, 112 secondary SKUs folded in). product_id is kept untouched.",e.g. 'BBQ Sauce' (2691) and 'Bbq Sauce' (43288) are the same shelf item listed twice; left split they halve that product's purchase volume and reorder rate. Same-name products in DIFFERENT aisles are left separate because they may genuinely differ.,"112 of 49,688 products (0.23%) re-pointed; catalogue row count unchanged."
products.ever_purchased,Flagged the 3 catalogue products that were never purchased; kept them.,"They are valid catalogue entries with zero demand - an assortment finding in its own right, not dirty data.",0 rows removed.
orders.days_since_prior_order,"Kept all 206,209 nulls as nulls and added is_first_order; no imputation, no row dropped.","Null here means 'this customer had no previous order' - a real business state. Every single null sits on order_number = 1 (verified), so imputing 0 would invent same-day repeat behaviour and imputing the mean would invent a fake interval.","206,209 rows (6.0%) retained with a null interval + explicit flag."
orders.days_since_prior_order (cap),"Flagged the 369,323 orders (10.8%) recorded at exactly 30 days as right-censored rather than treating 30 as a true interval.","The field is capped at 30 by Instacart, so '30' means 'at least 30 days'. Averaging it as a literal 30 understates the real gap for lapsed customers.",Mean interval is reported both raw and excluding the cap.
orders.order_dow,"Added readable labels assuming 0 = Saturday, and flagged that assumption.","The Instacart release documents order_dow only as 0-6 with no weekday mapping. Days 0 and 1 carry the volume peak, which is weekend-shaped, so 0=Sat is the standard reading - but no conclusion in this report depends on the names, only on the relative pattern.",Labels are presentational; all day-level findings are also stated by day number.
orders validity,"Verified order_dow in 0-6, order_hour_of_day in 0-23, order_number >= 1; no invalid values found.","Range checks before any time analysis, so a bad code value cannot be read as a real behavioural pattern.",0 rows removed.
orders.order_number (cap),Noted order_number maxes out at exactly 100 and left it as is.,"A clean ceiling at a round number is a collection cap, not a coincidence: the most loyal customers' histories are truncated.",Affects the top of the order-frequency distribution only; stated wherever it matters.
order items base table,"Stacked order_products__prior (32,434,489 lines) and order_products__train (1,384,617 lines) into one 33,819,106-line basket table, keeping a source column.","Both files have real basket contents and identical schemas; train is simply each selected customer's most recent order. Analysing only prior would throw away 1.38M real purchase lines. The 75,000 test orders have no contents at all, so they can never enter item-level analysis.","33,819,106 basket lines covering 3,346,083 orders."
order items validity,"Verified (order_id, product_id) is unique, reordered is strictly 0/1, add_to_cart_order >= 1; nothing to clean.",The grain must be one line per product per order before any basket-size or reorder-rate maths.,"0 rows removed, 0 duplicates found."
