,Banana,Bag of Organic Bananas,Organic Strawberries,Organic Baby Spinach,Organic Hass Avocado,Organic Avocado,Large Lemon,Organic Whole Milk,Strawberries,Limes,Organic Raspberries,Organic Yellow Onion,Organic Garlic,Organic Zucchini,Organic Blueberries,Cucumber Kirby,Organic Fuji Apple,Organic Lemon,Organic Grape Tomatoes,Apple Honeycrisp Organic,Seedless Red Grapes,Organic Cucumber,Honeycrisp Apple,Organic Baby Carrots,Sparkling Water Grapefruit,Organic Half & Half,Organic Large Extra Fancy Fuji Apple,Yellow Onions,Organic Baby Arugula,Organic Gala Apples
Banana,,0.020152012,1.43725,1.4516641,1.0059782,2.0395577,1.8206246,1.5130025,1.9552997,1.5479517,1.1347435,0.99430823,1.2122445,1.26629,1.2805493,2.2385747,2.562254,0.83315295,1.5230546,1.3491467,2.0203068,1.0340159,2.4037077,1.4762417,1.3916937,1.1540562,1.1816112,1.9874135,1.4103471,1.5980042
Bag of Organic Bananas,0.020152012,,1.9947826,1.7642217,2.4517667,1.1215183,1.0931406,1.7054183,1.0090595,1.2519448,2.5177443,1.8397374,1.6499841,1.8365926,1.8897536,0.88306236,1.0724132,2.163208,1.6941226,2.3686604,1.4042407,2.2778876,1.1965911,1.7401737,1.1616018,1.5836678,2.6458695,0.80319756,1.3886836,2.1970804
Organic Strawberries,1.43725,1.9947826,,1.933984,2.3127644,1.646203,1.2958674,2.0832458,0.11154106,1.6441963,3.0013838,1.8134831,1.7281199,1.8296702,2.854452,1.4331279,1.2715616,2.0835207,2.274713,2.264473,2.061896,2.517123,1.7374259,2.0567327,1.2897291,1.4762813,2.4313269,1.1370692,1.7555671,2.2584982
Organic Baby Spinach,1.4516641,1.7642217,1.933984,,2.1819425,2.324501,2.0186896,1.642946,1.2833443,1.9430908,1.731616,2.289385,2.5328596,2.559671,1.8248378,2.1282585,1.3909101,2.1050608,2.5299957,1.8792981,1.5211948,2.5912507,1.6553091,2.1836755,1.3467264,1.1695715,1.9765335,1.8484361,2.3777997,1.942994
Organic Hass Avocado,1.0059782,2.4517667,2.3127644,2.1819425,,0.0756494,1.4772704,1.661185,0.8004267,2.1404076,2.7972915,2.6734152,2.416631,2.3800724,1.8349583,1.4399108,1.1993551,3.6205564,2.364776,2.8449004,1.473938,3.2283912,1.5713857,1.9700043,1.4407045,1.3561959,2.6926143,1.2198697,2.3349702,2.3744528
Organic Avocado,2.0395577,1.1215183,1.646203,2.324501,0.0756494,,2.8949552,1.6764129,1.6111263,2.8739543,1.2138572,1.7788625,2.3009443,1.8728697,1.661635,2.8780181,1.8665535,1.0998175,2.6620667,1.5823818,1.6946543,1.696633,2.5015492,1.9174387,1.5516644,1.2089648,1.43931,2.3297186,2.5030227,1.7497578
Large Lemon,1.8206246,1.0931406,1.2958674,2.0186896,1.4772704,2.8949552,,1.4661365,1.7037566,4.078908,1.2438383,2.0336115,2.9363632,2.2302873,1.3710316,3.1111712,1.9393201,0.061539948,2.3175204,1.7493205,1.8581489,1.8642154,2.4990697,1.7973908,1.5734864,1.3143257,1.3869511,3.1052625,2.6316242,1.6867658
Organic Whole Milk,1.5130025,1.7054183,2.0832458,1.642946,1.661185,1.6764129,1.4661365,,1.237469,1.3750416,1.8065132,1.6613712,1.7822639,1.7077892,1.5866331,1.4583806,1.3090982,1.2188922,1.822874,1.867849,1.558892,1.7518498,1.7313508,1.8009832,1.3098005,2.0927632,1.8402163,1.4067587,1.4999868,1.8757243
Strawberries,1.9552997,1.0090595,0.11154106,1.2833443,0.8004267,1.6111263,1.7037566,1.237469,,1.2727598,1.1585122,0.8616268,0.8936285,1.1553591,2.1611173,2.0618203,1.8738475,0.679175,1.4127638,1.1237801,2.723605,0.9098589,2.0964787,1.616872,0.912224,1.042135,0.8846294,1.4824414,1.1481513,1.1673048
Limes,1.5479517,1.2519448,1.6441963,1.9430908,2.1404076,2.8739543,4.078908,1.3750416,1.2727598,,1.5652176,2.569113,3.2895854,2.2212057,1.2693137,2.4333189,1.4643587,3.060162,2.1392481,1.7753793,1.5791465,2.1449623,1.9856718,1.4929553,1.6329329,1.3210957,1.4853446,2.933054,2.4986174,1.5781846
Organic Raspberries,1.1347435,2.5177443,3.0013838,1.731616,2.7972915,1.2138572,1.2438383,1.8065132,1.1585122,1.5652176,,1.756565,1.5831704,2.1769698,3.0901718,1.0844984,1.3254021,2.6866107,2.2710638,2.9128976,1.7410244,2.61623,1.4782506,1.8345137,1.5549961,1.3695294,2.703183,1.0474476,1.71703,2.4355624
Organic Yellow Onion,0.99430823,1.8397374,1.8134831,2.289385,2.6734152,1.7788625,2.0336115,1.6613712,0.8616268,2.569113,1.756565,,5.635321,3.2525756,1.3390503,1.3358833,1.2307578,3.3919463,2.249731,2.5119057,1.2388034,2.7380843,1.5151944,1.7884393,1.2723535,1.3171306,2.3041556,0.11137916,2.2792659,2.1736321
Organic Garlic,1.2122445,1.6499841,1.7281199,2.5328596,2.416631,2.3009443,2.9363632,1.7822639,0.8936285,3.2895854,1.5831704,5.635321,,2.9390953,1.3247056,1.7317768,1.0957713,3.4961803,2.488741,2.1193423,1.3172946,2.627991,1.7210025,1.5597557,1.4536949,1.2910346,1.9189556,3.5692315,2.679077,1.7923281
Organic Zucchini,1.26629,1.8365926,1.8296702,2.559671,2.3800724,1.8728697,2.2302873,1.7077892,1.1553591,2.2212057,2.1769698,3.2525756,2.9390953,,1.6887584,1.9274049,1.3830423,2.5868728,2.8058627,2.31118,1.5008531,3.0460246,1.5990708,2.1371086,1.2813556,0.9733932,2.2425852,2.3546944,2.3582225,2.2487578
Organic Blueberries,1.2805493,1.8897536,2.854452,1.8248378,1.8349583,1.661635,1.3710316,1.5866331,2.1611173,1.2693137,3.0901718,1.3390503,1.3247056,1.6887584,,1.2049353,1.065244,1.6839564,2.2262688,1.7923311,1.4828726,1.9685678,1.5495298,2.0439804,0.94771814,1.333314,1.9048901,1.2470049,1.3786901,1.9967749
Cucumber Kirby,2.2385747,0.88306236,1.4331279,2.1282585,1.4399108,2.8780181,3.1111712,1.4583806,2.0618203,2.4333189,1.0844984,1.3358833,1.7317768,1.9274049,1.2049353,,2.5071275,1.0673363,2.7870867,1.310811,2.204601,0.13246247,2.6731472,2.54709,1.280059,0.99897736,1.0478741,2.3488157,2.315588,1.6560156
Organic Fuji Apple,2.562254,1.0724132,1.2715616,1.3909101,1.1993551,1.8665535,1.9393201,1.3090982,1.8738475,1.4643587,1.3254021,1.2307578,1.0957713,1.3830423,1.065244,2.5071275,,1.2091297,1.4127351,0.6342362,2.4803808,1.2002482,1.0594064,1.9100249,1.7439573,1.242807,0.28597602,1.6963043,1.2858418,0.80631864
Organic Lemon,0.83315295,2.163208,2.0835207,2.1050608,3.6205564,1.0998175,0.061539948,1.2188922,0.679175,3.060162,2.6866107,3.3919463,3.4961803,2.5868728,1.6839564,1.0673363,1.2091297,,2.206446,2.5818603,1.1876477,3.745543,1.2303598,1.4852552,1.4837009,1.5142901,2.6431425,1.4998988,2.5653715,2.484117
Organic Grape Tomatoes,1.5230546,1.6941226,2.274713,2.5299957,2.364776,2.6620667,2.3175204,1.822874,1.4127638,2.1392481,2.2710638,2.249731,2.488741,2.8058627,2.2262688,2.7870867,1.4127351,2.206446,,2.377058,1.978326,3.765147,1.9194697,2.6904218,1.2823622,1.1106118,2.3103786,2.0359566,3.1537724,2.2965581
Apple Honeycrisp Organic,1.3491467,2.3686604,2.264473,1.8792981,2.8449004,1.5823818,1.7493205,1.867849,1.1237801,1.7753793,2.9128976,2.5119057,2.1193423,2.31118,1.7923311,1.310811,0.6342362,2.5818603,2.377058,,1.8506045,2.8058631,0.24698037,2.5584311,1.7458352,1.9274329,1.5717849,1.3379353,1.7055607,1.3964876
Seedless Red Grapes,2.0203068,1.4042407,2.061896,1.5211948,1.473938,1.6946543,1.8581489,1.558892,2.723605,1.5791465,1.7410244,1.2388034,1.3172946,1.5008531,1.4828726,2.204601,2.4803808,1.1876477,1.978326,1.8506045,,1.5625113,3.0743628,2.402995,1.2181455,1.3013307,1.8421824,1.7027378,1.532614,1.9218141
Organic Cucumber,1.0340159,2.2778876,2.517123,2.5912507,3.2283912,1.696633,1.8642154,1.7518498,0.9098589,2.1449623,2.61623,2.7380843,2.627991,3.0460246,1.9685678,0.13246247,1.2002482,3.745543,3.765147,2.8058631,1.5625113,,1.3727928,2.4691606,1.1674757,1.3154968,3.1922948,1.2426963,2.1621974,2.7655363
Honeycrisp Apple,2.4037077,1.1965911,1.7374259,1.6553091,1.5713857,2.5015492,2.4990697,1.7313508,2.0964787,1.9856718,1.4782506,1.5151944,1.7210025,1.5990708,1.5495298,2.6731472,1.0594064,1.2303598,1.9194697,0.24698037,3.0743628,1.3727928,,2.4052594,1.8460436,1.5842196,0.6161116,2.1704915,1.8141128,0.69557244
Organic Baby Carrots,1.4762417,1.7401737,2.0567327,2.1836755,1.9700043,1.9174387,1.7973908,1.8009832,1.616872,1.4929553,1.8345137,1.7884393,1.5597557,2.1371086,2.0439804,2.54709,1.9100249,1.4852552,2.6904218,2.5584311,2.402995,2.4691606,2.4052594,,1.7642057,1.3906443,2.3134027,1.4486569,1.9633065,2.5016222
Sparkling Water Grapefruit,1.3916937,1.1616018,1.2897291,1.3467264,1.4407045,1.5516644,1.5734864,1.3098005,0.912224,1.6329329,1.5549961,1.2723535,1.4536949,1.2813556,0.94771814,1.280059,1.7439573,1.4837009,1.2823622,1.7458352,1.2181455,1.1674757,1.8460436,1.7642057,,1.9553461,1.2979496,1.4073545,1.3954107,1.4351745
Organic Half & Half,1.1540562,1.5836678,1.4762813,1.1695715,1.3561959,1.2089648,1.3143257,2.0927632,1.042135,1.3210957,1.3695294,1.3171306,1.2910346,0.9733932,1.333314,0.99897736,1.242807,1.5142901,1.1106118,1.9274329,1.3013307,1.3154968,1.5842196,1.3906443,1.9553461,,1.8426573,0.7931176,1.2795877,1.6985652
Organic Large Extra Fancy Fuji Apple,1.1816112,2.6458695,2.4313269,1.9765335,2.6926143,1.43931,1.3869511,1.8402163,0.8846294,1.4853446,2.703183,2.3041556,1.9189556,2.2425852,1.9048901,1.0478741,0.28597602,2.6431425,2.3103786,1.5717849,1.8421824,3.1922948,0.6161116,2.3134027,1.2979496,1.8426573,,0.9732841,1.7827888,1.6283547
Yellow Onions,1.9874135,0.80319756,1.1370692,1.8484361,1.2198697,2.3297186,3.1052625,1.4067587,1.4824414,2.933054,1.0474476,0.11137916,3.5692315,2.3546944,1.2470049,2.3488157,1.6963043,1.4998988,2.0359566,1.3379353,1.7027378,1.2426963,2.1704915,1.4486569,1.4073545,0.7931176,0.9732841,,2.047421,1.4112811
Organic Baby Arugula,1.4103471,1.3886836,1.7555671,2.3777997,2.3349702,2.5030227,2.6316242,1.4999868,1.1481513,2.4986174,1.71703,2.2792659,2.679077,2.3582225,1.3786901,2.315588,1.2858418,2.5653715,3.1537724,1.7055607,1.532614,2.1621974,1.8141128,1.9633065,1.3954107,1.2795877,1.7827888,2.047421,,1.6808296
Organic Gala Apples,1.5980042,2.1970804,2.2584982,1.942994,2.3744528,1.7497578,1.6867658,1.8757243,1.1673048,1.5781846,2.4355624,2.1736321,1.7923281,2.2487578,1.9967749,1.6560156,0.80631864,2.484117,2.2965581,1.3964876,1.9218141,2.7655363,0.69557244,2.5016222,1.4351745,1.6985652,1.6283547,1.4112811,1.6808296,
