order_hour_of_day,orders,order_share,avg_basket,reorder_rate
0,22758,0.006652279409765855,10.260574154067674,0.5657257127320409
1,12398,0.0036239985992739727,10.031562422539865,0.5581491121141238
2,7539,0.002203688130337674,9.852203389830509,0.5555739058629232
3,5474,0.0016000781039220621,10.061575893692682,0.5605014974236872
4,5527,0.001615570274091567,10.330799184127573,0.5723696018953943
5,9569,0.0027970674783394617,9.80467249839983,0.6085693457659206
6,30529,0.008923782322732304,10.11740714739411,0.6370497155054486
7,91868,0.026853484700605043,10.310100853030034,0.644669099229832
8,178201,0.052089060686338215,10.233127605001602,0.6323150525440049
9,257812,0.07535976180642212,10.100103354466219,0.6195891975476845
10,288418,0.08430605162166484,10.177735688745708,0.6005412352756004
11,284728,0.08322744581175026,10.238826915898585,0.5876083753607546
12,272841,0.07975281511731812,10.241050414499227,0.5796306007577402
13,277999,0.08126052481041822,10.217753829744193,0.5803058543858399
14,283042,0.08273461941730148,10.160226126748091,0.5817629685391036
15,283639,0.08290912556053157,10.031243799759746,0.5808483452732393
16,272553,0.07966863124922721,9.937153773400789,0.5790519678437283
17,228795,0.066877944791167,9.7855240720932,0.5755455635244824
18,182912,0.053466110000838916,9.601721588745267,0.5739414212762731
19,140569,0.04108903525579473,9.593464442518986,0.5749474793104914
20,104292,0.030485083232415,9.97147531027457,0.5828560706826804
21,78109,0.02283165886358209,10.867126009988755,0.5914028559294403
22,61468,0.017967409735455117,11.03752792504418,0.5860406946271673
23,40043,0.011704773020707186,10.720381205447252,0.5800707842272722
