order_number,items,reorders,orders,reorder_rate,avg_basket
1,2078068,0,206209,0.0,10.077484493887269
2,2048332,557885,206209,0.2723606329442688,9.933281282582234
3,2050731,792161,206209,0.3862822573999223,9.944915110397703
4,1970180,894580,197523,0.4540600351236943,9.974433357128031
5,1751959,881757,175072,0.5032977369904205,10.007077088283678
6,1577566,853714,156805,0.5411589752821752,10.0606868403431
7,1424796,814761,141471,0.5718439692419125,10.071293763386135
8,1294793,771212,128275,0.5956257100555842,10.093884233092965
9,1188834,733464,117200,0.6169608204341397,10.14363481228669
10,1088920,689872,107438,0.633537817286853,10.135333866974442
11,1002185,650416,98778,0.6489979395021878,10.145832067869364
12,925451,614654,91379,0.664166984529705,10.127611376793356
13,861784,582067,84592,0.6754209871615161,10.18753546434651
14,800341,549787,78669,0.6869409414237181,10.173524514103395
15,743192,517953,73205,0.6969302683559565,10.152202718393552
16,693691,490033,68240,0.7064139508801469,10.165460140679953
17,649946,463634,63753,0.713342339209719,10.19475161953163
18,611448,440429,59770,0.7203049155447397,10.230015057721264
19,573030,417730,56078,0.7289845208802331,10.218445736295873
20,536941,394952,52788,0.7355594003810475,10.1716488595893
21,507281,375480,49680,0.7401814773271619,10.210970209339775
22,478101,356690,46836,0.7460557497265222,10.207981040225468
23,452628,339497,44153,0.7500574423146602,10.251353248929858
24,426055,321920,41640,0.7555831993521963,10.231868395773295
25,405322,307260,39432,0.7580639590251701,10.279011969973626
26,384213,293116,37306,0.7628997457139659,10.298959952822603
27,364590,279650,35257,0.7670259743821827,10.340925206342003
28,345502,265531,33421,0.7685367957349016,10.337871398222674
29,327445,253262,31726,0.7734489761639359,10.321030069974153
30,311398,241999,30134,0.7771372969640139,10.333775801420323
31,298306,232265,28639,0.7786132360730257,10.416075980306575
32,284013,221628,27192,0.7803445616925986,10.44472639011474
33,268345,210690,25854,0.7851459874415398,10.37924499110389
34,255189,201036,24611,0.7877925772662615,10.368900085327699
35,243477,192869,23437,0.7921446378918748,10.388573622903955
36,231955,185089,22340,0.7979521890021771,10.382945389435989
37,221913,175874,21310,0.792535813584603,10.413561708118255
38,210365,167791,20309,0.7976184251182469,10.358215569451968
39,201281,160756,19365,0.7986645535346109,10.39406145107152
40,191988,153751,18459,0.8008365106152467,10.40078010726475
41,182349,146524,17612,0.8035360764248776,10.353679309561663
42,173951,140604,16721,0.808296589269392,10.403145744871718
43,166265,134609,15940,0.8096051484076625,10.430677540777918
44,158061,127974,15214,0.809649439140585,10.389181017483896
45,150302,121420,14488,0.807840215033732,10.374240750966317
46,143165,116326,13814,0.8125309957042574,10.363761401476763
47,134314,109104,13078,0.8123054930982623,10.270224805016058
48,128693,104693,12440,0.8135096703006379,10.345096463022507
49,121579,99731,11848,0.8202979132909466,10.261563133018232
50,115057,94192,11245,0.8186551013845311,10.231836371720766
