add_to_cart_order,items,reorders,reorder_rate
1,3346083,2273000,0.6793017387793429
2,3182490,2154976,0.6771351991679471
3,2988129,1967461,0.6584257239228962
4,2773069,1767415,0.6373498099037564
5,2542770,1570409,0.6175977379000067
6,2305545,1384717,0.6006028943265042
7,2069162,1212135,0.585809617613314
8,1840615,1055583,0.5734947286640607
9,1629258,915124,0.5616814525385175
10,1437694,792816,0.5514497521725764
11,1265591,685098,0.5413265423031611
12,1112096,592752,0.5330043449486376
13,975133,512173,0.5252339937218821
14,853419,441052,0.5168059300296806
15,745342,379842,0.5096210866957719
16,649867,327059,0.5032706692292422
17,565153,280540,0.4963965510224665
18,490685,240966,0.4910808359741993
19,425337,206439,0.48535396638430234
20,368047,176877,0.4805826429776632
21,317849,151136,0.4754962261954576
22,274129,129039,0.4707236374115836
23,236080,110072,0.466248729244324
24,202946,93391,0.4601765987011323
25,174589,79814,0.457153658019692
